날짜,방송시간,상품코드,상품명
02.26,06:15,2239276498,메시제이 [배우 윤소이가 선택한] 메시제이 크링클 셔츠블라우스 4종
02.26,06:15,2247070562,이상봉 에디션 26SS 에어플로우 점퍼
02.26,06:15,2247071360,이상봉 에디션 26SS 에어플로우 팬츠
02.26,06:15,2232727345,로라파커 양가죽 위빙백
02.26,06:15,2238148768,로라파커 플리츠 스카프 3종
02.26,08:15,2245397528,신영와코루 2026 로맨틱블룸 올시즌 파자마 패키지 2SET(4종) (여성)
02.26,08:15,2245397855,신영와코루 2026 로맨틱블룸 올시즌 파자마 패키지 2SET(4종) (남성)
02.26,08:15,2245934991,신영와코루 [단품][신영와코루]2026 로맨틱블룸 면
02.26,08:15,2245936995,신영와코루 [단품][신영와코루]2026 로맨틱블룸 면
02.26,08:15,2245940500,"신영와코루 [단품][신영와코루]2026 로맨틱블룸 인견 파자마 1SET(2종) (여성)69,900원 무료배송"
02.26,08:15,2245941042,"신영와코루 [단품][신영와코루]2026 로맨틱블룸 인견 파자마 1SET(2종) (남성)69,900원 무료배송"
02.26,08:15,2153808421,카무트 [파로5봉+캡슐레이션효소 3박스]골드 카무트 효소 12박스
02.26,08:15,2247375829,비빌 [황정민쇼 단독] 비빌 무설탕 캔디 12박스(총 7가지 맛)
02.26,08:15,2247403721,비빌 [완벽더블]비빌 무설탕 캔디 10박스(총 5가지 맛)
02.26,08:15,2209520829,FARRO 그레인온 이탈리아산 파로 20봉 구성(280gX20봉)
02.26,08:15,2209189608,FARRO 그레인온 이탈리아산 파로 단품구성(280gX1봉)
02.26,08:15,2153808681,"카무트 골드 카무트 효소 1박스(3gX30포)35,000원 무료배송"
02.26,10:25,2247065416,라우라비아조띠 라우라비아조티 26SS Deveaux 니트 카라 퀄팅자켓
02.26,10:25,2247066503,라우라비아조띠 라우라비아조티 26SS TUSA 로고 턴업 데님
02.26,10:25,2247065686,"라우라비아조띠 라우라비아조티 26SS 16GG 실크 블렌디드 5부 니트 2종139,000원 최대 무5월 27,800원무료배송"
02.26,10:25,2247638192,라우라비아조띠 라우라비아조티 26SS 아카이브 로마노 스니커즈
02.26,10:25,2247729268,라우라비아조띠 라우라비아조티 26SS 아카이브 로마노 스니커즈(남성)
02.26,11:35,2247065424,데이즈온 파라다이스 그레인 버닝 6박스 (12주분)
02.26,11:35,2247306432,데이즈온 파라다이스 그레인 버닝 3박스 (6주분)
02.26,12:30,2229259647,크레송 스프링 후드자켓
02.26,12:30,2239825686,크레송 에르 블록 풀오버 (3종)
02.26,12:30,2239826115,"크레송 Faux 레더 벌룬 스커트 (1종) 39,900원 무료배송"
02.26,12:30,2229259035,"크레송 라이트 에어리 후드 자켓 1종59,900원 최대 무3월 19,966원무료배송"
02.26,12:30,2236055491,"크레송 투톤 썸머 크로셰 가디건 + 슬리브리스 탑 (2종)49,900원 무료배송"
02.26,12:30,2235552851,"크레송 스타일 버킷햇 1종39,900원 무료배송"
02.26,13:20,2219315506,에이스바이옴 [방송최다구성] 패밀리세트 비에날씬 프로 12박스+프로틴 2주+비에날씬 플러스 2박스
02.26,13:20,2215367467,에이스바이옴 비에날씬 프로 6박스 (BNR17 체지방 감소 다이어트 유산균)
02.26,13:20,2215367243,"에이스바이옴 비에날씬 프로 3박스 (BNR17 체지방 감소 다이어트 유산균)198,000원 최대 무4월 49,500원무료배송"
02.26,14:10,2244304039,LG전자 [무이자60개월] LG 디오스 오브제 매직스페이스 냉장고 5도어 870L [T873MHH111/MTE111]
02.26,14:10,2241296564,LG전자 [무이자60개월] LG 디오스 오브제 김치냉장고 324L [Z334MQQ151S]
02.26,14:10,2247733492,LG전자 [무이자 60개월] LG 트롬 AI 오브제 세탁25kg+건조25kg 세트 [KX25EF-5ES/EF-5GS/GF-5ES/GF-5GS]
02.26,14:10,2246978757,LG전자 [무이자60개월] LG 트롬 AI 오브제 건조기 25kg [RD25ES/RD25GS]
02.26,14:10,2246989998,"LG전자 [무이자60개월] LG 트롬 AI 오브제 드럼세탁기 25kg [FX25EF/FX25GF]2,199,000원 최대 무60월 36,650원무료배송"
02.26,14:10,2244336808,LG전자 [상시주문] LG 뉴 오브제 스타일러 블랙틴트미러 [SC5GMR82A]
02.26,15:50,2206929114,현대해상 두배받는암보험
02.26,16:40,2242768642,가히 멀티밤 CV 본품x5 + 나이트 크림 50mlx1
02.26,16:40,2242768658,가히 멀티밤 CV 리필x10
02.26,16:40,2242781784,"가히 CV 나이트 크림 50mlx1125,000원 무료배송"
02.26,16:40,2242829421,가히 멀티밤 CV 본품x5 + 슬리핑 마스크 50mlx
02.26,17:30,2244664041,퓨레어 [총17종][방송에서만 리필5개추가] 퓨레어 차량용 방향탈취제 라벤더향 더블세트
02.26,17:30,2244664121,퓨레어 차량용 방향탈취제 라벤더향 싱글세트
02.26,18:30,2247375621,그린넛 [최초공개] 두쫀쿠 스프레드 180g x 4병
02.26,19:35,2247718203,쿡셀 [현대1등팬/최고급/최신상]쿡셀 블루 다이아몬드 홀로그램팬
02.26,19:35,2243968930,쿡셀 홀로그램 프라이팬22CM
02.26,20:45,2147384288,관절엔 콘드로이친 1200 4개월분(900mgX60정X4박스)
02.26,20:45,2147384161,관절엔 콘드로이친 1200 8개월분(900mgX60정X8박스)
02.26,20:45,2147384116,"관절엔 콘드로이친 1200 12개월분(900mgX60정X12박스)648,000원 최대 무12월 54,000원무료배송"
02.26,20:45,2147384052,"관절엔 콘드로이친 1200 1개월분(900mgX60정X1박스)99,000원 KB국민"
02.26,21:45,2246266283,머티리얼랩 26SS 웨이브니팅 오픈워크 가디건
02.26,21:45,2245527831,머티리얼랩 26PRELUDE 피그먼트 배럴레그 팬츠
02.26,21:45,2246977798,"머티리얼랩 [Handmade] 머티리얼랩 26PRELUDE 굿럭팔찌169,000원 무료배송"
02.26,21:45,2228329032,"머티리얼랩 [3종] 머티리얼랩 이집트GIZA코튼 슬리브리스79,000원 무료배송"
02.26,21:45,2245233602,"머티리얼랩 26SS 아플리케 피그먼트 MERCI 맨투맨79,000원 무료배송"
02.26,21:45,2246261694,"머티리얼랩 26SS 퍼널넥 SYNTHETIC 레더 코쿤 자켓129,000원 무료배송"
02.26,21:45,2245526878,"머티리얼랩 26PRELUDE 퍼널넥 울캐시미어 가디건89,000원 무료배송"
02.26,22:55,2247598968,체스터톤스 속초 경주 멀티 호캉스 패키지(4인) 2박
02.26,22:55,2247599299,체스터톤스 속초 경주 멀티 호캉스 패키지(3인) 2박
02.26,22:55,2247599423,"체스터톤스 속초 경주 멀티 호캉스 패키지(2인) 2박179,000원 최대 무4월 44,750원무료배송추가비용 별도/상세참조"
02.26,22:55,2247599628,"체스터톤스 속초 경주 멀티 호캉스 패키지(4인) 1박169,000원 최대 무4월 42,250원무료배송추가비용 별도/상세참조"
02.26,22:55,2247599714,"체스터톤스 속초 경주 멀티 호캉스 패키지(3인) 1박129,000원 최대 무3월 43,000원무료배송추가비용 별도/상세참조"
02.26,22:55,2247599816,"체스터톤스 속초 경주 멀티 호캉스 패키지(2인) 1박99,000원 최대 무2월 49,500원무료배송추가비용 별도/상세참조"
02.26,23:55,2244541257,신한생명 신한라이프 케어받는 암보험
02.27,01:00,2224982519,베카 시즈닝 무쇠팬 풀세트
02.27,01:00,2228479756,베카 [단품] 베카 무쇠 20cm 알라딘팟 (유리뚜껑)
02.27,01:00,2244811307,"베카 [단품] 베카 무쇠 28cm 양수그리들199,000원 무료배송"
02.27,01:00,2244811407,"베카 [단품] 베카 무쇠 24cm 프라이팬159,000원 무료배송"
02.27,01:00,2244816012,"베카 [단품] 베카 무쇠 그릴 프레스 (18cm)49,000원 무료배송"
02.27,02:00,2231670002,세포랩 [세리포리아] 세포랩 바이오제닉 에센스 올인원 패키지
02.27,02:00,2233088263,세포랩 [슬림패키지] 세포랩 바이오제닉 에센스 2+2
02.27,02:00,2205791227,"세포랩 [세리포리아락세라타] 세포랩 바이오제닉 155ml 2개 + 30ml 2개179,000원 KB국민"
02.27,02:00,2205791412,"세포랩 [프리케어 루틴] 세포랩 바이오제닉 155ml 2개 + 솝 1개189,000원 KB국민"
02.27,02:00,2214997173,"세포랩 [프리케어 루틴] 세포랩 바이오제닉 리바이브 마스크팩 1개(4매입)39,900원 무료배송"
02.27,03:00,2242201512,로얄메르 [런칭가 189000원]로얄메르 울100 자켓
02.27,03:00,2240955096,로얄메르 [런칭가 89000원]로얄메르 여성 버튼디테일 스트라이프 니트
02.27,03:00,2240959682,"로얄메르 [런칭가 89000원]로얄메르 테이퍼드핏 인디고 데님69,000원 최대 무3월 23,000원무료배송"
02.27,03:00,2239564939,"로얄메르 [런칭가 89000원]로얄메르 QUATRE 스트라이프 카라셔츠69,000원 최대 무3월 23,000원무료배송"
02.27,03:00,2239564975,"로얄메르 [런칭가 89000]로얄메르 COTON 치노팬츠69,000원 최대 무3월 23,000원무료배송"
02.27,03:00,2241432553,"로얄메르 자카드 스트라이프 양말 5종49,900원 무료배송"
02.27,03:00,2239611699,"로얄메르 [런칭가 129000]로얄메르 로고포인트 캔버스백129,000원 최대 무5월 25,800원무료배송"
02.27,03:40,2246272149,코모도 25FW 남성 기모 롱팬츠 3종
02.27,03:40,2246270586,코모도 25FW 여성 기모 롱팬츠 3종
02.27,03:40,2246273583,"코모도 25FW 남성 카라 기모 셔츠 3종39,000원 무료배송"
02.27,03:40,2246273178,"코모도 25FW 여성 카라 기모 셔츠 3종39,000원 무료배송"
02.27,04:00,2241360629,앤앤에프 [Now n Forever] NnF 남성 씬클라우드 경량패딩 1종(N503M)
02.27,04:00,2241296652,앤앤에프 [Now n Forever] NnF 여성 씬클라우드 경량패딩 1종(N503W)
02.27,04:40,2240440780,브루노제이 [론칭가 59900원][BrunoJ]브루노제이 소프트 보머 니트 자켓 1종
02.27,05:20,2229427013,뉴트리코어 [40%세일]뉴트리코어 두뇌엔 PS 포스파티딜세린 9박스
02.27,05:20,2229427084,뉴트리코어 두뇌엔 PS 포스파티딜세린 3박스
02.27,05:20,2230294203,"뉴트리코어 두뇌엔 PS 포스파티딜세린 1박스79,000원 무료배송"
02.27,05:20,2232372314,뉴트리코어 [hmall]뉴트리코어 두뇌엔 PS 포스파티딜세린 6박스
02.27,05:20,2229427102,뉴트리코어 [hmall]뉴트리코어 두뇌엔 PS 포스파티딜세린 3박스
02.27,06:15,2210509424,뉴트리원 카무트®브랜드밀효소 골드_12박스
02.27,06:15,2209394763,뉴트리원 [Hmall] 뉴트리원 카무트®브랜드밀효소 골드_1박스
02.27,07:15,2247732339,엠티지 [여성용] Style BX Wear 바른자세티셔츠 4장 (베이지 2장+블랙 2장)
02.27,07:15,2247732836,엠티지 [남성용] Style BX Wear 바른자세티셔츠 4장 (화이트 2장+블랙 2장)
02.27,07:15,2247732892,"엠티지 [여성용] Style BX Wear 바른자세티셔츠 2장 (베이지 1장+블랙 1장)79,000원 최대 무5월 15,800원무료배송"
02.27,07:15,2247733014,"엠티지 [남성용] Style BX Wear 바른자세티셔츠 2장 (화이트 1장+블랙 1장)79,000원 최대 무5월 15,800원무료배송"
02.27,07:15,2237687287,"엠티지 [여성용] Style BX Wear 바른자세티셔츠 베이지 2장99,000원 KB국민"
02.27,07:15,2237687312,"엠티지 [남성용] Style BX Wear 바른자세티셔츠 화이트 2장99,000원 KB국민"
02.27,08:15,2247282657,에바큐브 꾸띄르 26SS G플리츠 리퀴드 블라우스
02.27,08:15,2247283387,에바큐브 꾸띄르 26SS G플리츠 아뜰리에 자켓
02.27,08:15,2247283838,"에바큐브 꾸띄르 26SS G플리츠 아뜰리에 스커트179,000원 최대 무3월 59,666원무료배송"
02.27,08:15,2235280628,"에바큐브 꾸띄르 G플리츠 스트레이트 팬츠149,000원 최대 무3월 49,666원무료배송"
02.27,08:15,2235280040,"에바큐브 [에바큐브 Couture] 레이스 G플리츠 블라우스179,000원 최대 무3월 59,666원무료배송"
02.27,08:15,2235280304,"에바큐브 꾸띄르 G플리츠 배색 가디건+아플리케199,000원 최대 무3월 66,333원무료배송"
02.27,09:25,2147385135,뼈엔MBP 뼈엔 엠비피 MBP 1개월분(130mgX30캡슐X1박스)
02.27,09:25,2147384972,뼈엔MBP 뼈엔 엠비피 MBP 6개월분(130mgX30캡슐X6박스)
02.27,09:25,2147384696,"뼈엔MBP 뼈엔 엠비피 MBP 12개월분(130mgX30정X12박스)458,000원 459,000원최대 무16월 28,687원무료배송"
02.27,10:25,2247849554,영라뉴 장용성 파비플로라 다이어트 Pro 12+3박스(30주분)
02.27,10:25,2247849962,영라뉴 장용성 파비플로라 다이어트 Pro 6박스(12주분)
02.27,10:25,2247916591,"영라뉴 장용성 파비플로라 다이어트 Pro 1박스(2주분)49,000원 무료배송"
02.27,11:35,2242940056,크레송 캐시미어 100 라운드넥 풀오버
02.27,11:35,2242939750,크레송 캐시미어 100 브이넥 풀오버
02.27,11:35,2243001951,"크레송 벨모드 퀼팅 블루종39,900원 무료배송"
02.27,11:35,2247775119,"스케쳐스 [26SS] 스케쳐스 여성 맥스런 슬립인스 운동화(129200)+스케쳐스 퍼포먼스 양말 1켤레139,000원 무료배송"
02.27,11:35,2247775170,"스케쳐스 [26SS] 스케쳐스 남성 맥스런 슬립인스 운동화 (221000)+스케쳐스 퍼포먼스 양말 1켤레139,000원 무료배송"
02.27,13:35,2245240785,LG전자 [19+6형] LG 휘센 AI 오브제 뷰2 에어컨 2in1 [FQ19FU1ED2]
02.27,13:35,2245240923,LG전자 [19형] LG 휘센 AI 오브제 뷰2 에어컨 스탠드 [FQ19FU1ED1]
02.27,13:35,2245241152,"LG전자 [18+6형] LG 휘센 AI 오브제 뷰2 에어컨 2in1 [[FQ18FU1EA2]]2,760,000원 최대 무60월 46,000원무료배송추가비용 별도/상세참조"
02.27,13:35,2245241478,"LG전자 [18형] LG 휘센 AI 오브제 뷰2 에어컨 스탠드 [[FQ18FU1EA1]]2,370,000원 최대 무60월 39,500원무료배송추가비용 별도/상세참조"
02.27,13:35,2244336808,"LG전자 [상시주문] LG 뉴 오브제 스타일러 블랙틴트미러 [SC5GMR82A]2,620,000원 KB국민"
02.27,14:35,2247775356,쿠진 푸드스타일러 마스터 1.5L SOYRANG-1500A
02.27,14:35,2247775472,쿠진 푸드스타일러 마스터
02.27,15:30,2244972861,리파 [기본구성] 리파 카사 M1 (색상선택) + M1 바운싱 크림
02.27,15:30,2244973039,리파 [더블 패키지] 리파 카사 M1x2 (퍼플/화이트) + M1 바운싱 크림x2
02.27,15:30,2247789658,"리파 M1 바운싱 크림 (단품)95,000원 무료배송"
02.27,15:30,2214822211,리파 [Refa CAXA M1] 리파 카사 M1(색상선택) + M1 바운싱 크림
02.27,16:30,2209353661,휴럼 비너지 대마종자유 플러스 12+6개월분 (총 18개월)
02.27,16:30,2209355946,휴럼 비너지 대마종자유 플러스 6개월분
02.27,17:30,2245187213,칼만 [방송에서만] 칼만 통3중 스텐 저압냄비 풀세트 (4리터+6리터)
02.27,17:30,2245180277,칼만 [단품] 칼만 스텐 저압냄비 6리터
02.27,17:30,2245180388,"칼만 [단품] 칼만 스텐 저압냄비 4리터 79,000원 무료배송"
02.27,17:30,2245187268,"칼만 [H몰] 칼만 통3중 스텐 저압냄비 풀세트 (4리터+6리터)149,000원 무료배송"
02.27,18:30,2242782656,슈올즈 제네바 포브 여성용
02.27,18:30,2242783533,슈올즈 제네바 포브 남성용
02.27,19:30,2247729308,레스노베 [이찬석패키지]레스노베 하이퍼샷 디바이스 + 두피앰플
02.27,19:30,2245482052,레스노베 엑스퍼트샷 스칼프 앰플 패키지(12개)
02.27,19:30,2245482167,"레스노베 하이퍼샷 두피 디바이스 단품299,000원 최대 무9월 33,222원무료배송"
02.27,19:30,2216143181,"레스노베 코어 임팩트 디바이스(핑크) + 앰플부스터 + 파우치399,000원 무료배송"
02.27,19:30,2216370734,"레스노베 코어 임팩트 디바이스(화이트) + 앰플부스터 + 파우치399,000원 무료배송"
02.27,19:30,2216382097,"레스노베 코어 임팩트 디바이스(핑크) + 앰플 15ml 3종 + 파우치429,000원 무료배송"
02.27,19:30,2216384413,"레스노베 코어 임팩트 디바이스(화이트) + 앰플 15ml 3종 + 파우치429,000원 KB국민"
02.27,19:30,2216386149,"레스노베 [기프트SET]레스노베 코어 임팩트 디바이스(화이트) + 앰플 30ml 3종 + 미스트590,000원 무료배송"
02.27,19:30,2216548964,"레스노베 앰플 3종 세트 (플랜톡스+브라이트닝+볼류마이징 각 30ml)72,000원 KB국민"
02.27,19:30,2216391566,"레스노베 앰플 3종 세트 (플랜톡스+브라이트닝+볼류마이징 각 15ml)49,000원 무료배송"
02.27,19:30,2216391629,"레스노베 플랜 톡스 리프팅 앰플 30ml35,000원 무료배송"
02.27,19:30,2216390356,"레스노베 셀룰러 워터 앰플 부스터 120ml28,000원 무료배송"
02.27,19:30,2216558390,"레스노베 셀룰러 워터 앰플 부스터 120ml 3개 세트59,000원 KB국민"
02.27,19:30,2216554948,"레스노베 뷰티 디바이스 전용 티슈 3통33,000원 무료배송"
02.27,19:30,2216391002,"레스노베 앰플 3종 세트 (플랜톡스+브라이트닝+볼류마이징 각 30ml)168,000원 무료배송"
02.27,19:30,2239749466,"레스노베 하이퍼샷 두피 디바이스(핑크)458,000원 KB국민"
02.27,19:30,2239749544,"레스노베 하이퍼샷 두피 디바이스(베이지)458,000원 KB국민"
02.27,19:30,2240194308,"레스노베 엑스퍼트 샷 스칼프 앰플 15ml 3개 세트132,000원 KB국민"
02.27,20:45,2242270399,세포랩 [세리포리아] 세포랩 바이오제닉 에센스 시그니처 패키지
02.27,20:45,2233088263,세포랩 [슬림패키지] 세포랩 바이오제닉 에센스 2+2
02.27,20:45,2205791227,"세포랩 [세리포리아락세라타] 세포랩 바이오제닉 155ml 2개 + 30ml 2개179,000원 KB국민"
02.27,20:45,2205791412,"세포랩 [프리케어 루틴] 세포랩 바이오제닉 155ml 2개 + 솝 1개189,000원 KB국민"
02.27,20:45,2214997173,"세포랩 [프리케어 루틴] 세포랩 바이오제닉 리바이브 마스크팩 1개(4매입)39,900원 무료배송"
02.27,21:40,2245400293,유피토스 피토프로틴 헤어컬러 기본패키지
02.27,21:40,2245400454,유피토스 피토프로틴 헤어컬러 조윤주패밀리 패키지
02.27,21:40,2245400542,"유피토스 피토프로틴 헤어컬러 단품55,000원 무료배송"
02.27,21:40,2234753511,"유피토스 아미노세라마이드 트리트먼트 2통139,000원 KB국민"
02.27,21:40,2234494737,"유피토스 아미노세라마이드 트리트먼트 5통179,000원 KB국민"
02.27,22:40,2201712711,페라가모 체인 간치니 woc백
02.27,22:40,2206492868,써네이 체스트 로고 후드 티셔츠
02.27,22:40,2206492102,"써네이 빅로고 티셔츠99,000원 최대 무12월 8,250원무료배송"
02.27,22:40,2242475887,"이자벨마랑 디태처블 슬리브 패딩재킷(MA0007FC)699,000원 무료배송"
02.27,22:40,2245349989,"메종나탈리블랑 엠마(EMMA) 선글라스168,000원 최대 무3월 56,000원무료배송"
02.27,22:40,2239167491,"구찌 GG 체인 실크 넥스카프(774819)343,000원 350,000원최대 무9월 38,888원무료배송"
02.27,22:40,2244035610,"벨펄 약 9.5 ∼ 8mm 리얼 담수진주 리에르 멀티 목걸이 세트(총 3종)249,000원 최대 무9월 27,666원무료배송"
02.27,22:40,2244035642,"벨펄 약 9.5 ∼ 8mm 리얼 담수진주 리에르 화이트 목걸이 세트(총 3종)199,000원 최대 무9월 22,111원무료배송"
02.27,22:40,2241371904,"마스케라 데니아(Dennia) 스웨이드 버킷햇 1종39,900원 무료배송"
02.27,22:40,2244969111,"막스마라 울 캐시미어 로브 코트1,699,000원 무료배송"
02.27,22:40,2245167213,"막스마라 레지나 울코트999,000원 무료배송"
02.27,22:40,2242824964,"골든클레프 18K 삼색 트리플 메쉬 반지549,000원 최대 무60월 9,150원무료배송"
02.27,22:40,2242825295,"골든클레프 18K 그릭(GREEK) 메쉬 뱅글 팔찌649,000원 최대 무60월 10,816원무료배송"
02.27,22:40,2206939931,"생로랑 퀼팅 튜브백(699703)1,499,000원 무료배송"
02.27,22:40,2224593127,"프라다 자수 로고 크로셰 토트백(1BG393)1,999,000원 무료배송"
02.27,22:40,2226645289,"가니 샤이니 퀼팅 미디재킷(W0170/W0171)349,000원 무료배송"
02.27,22:40,2203563168,"가니 로고 숄더백 미디엄(A5132/A5427)229,000원 무료배송"
02.27,22:40,2247562456,발렌티노 스터드 크로스백 스몰(B0J47)
02.27,22:40,2247562486,발렌티노 버킷백 스몰(8W2P0T83)
02.27,22:40,2247564845,"가니 레오파드 토트백230,000원 234,000원최대 무9월 26,000원무료배송"
02.27,22:40,2247562870,가니 버니 울블렌드 가디건
02.27,22:40,2247564809,에르노 라이트 스트레치 후드 재킷(GI000360D)
02.27,22:40,2246875481,"메타다이아몬드 실버925 팬시 바게트컷 반지 1종279,000원 최대 무9월 31,000원무료배송"
02.27,22:40,2246874886,"메타다이아몬드 실버925 팬시 바게트컷 귀걸이 1종239,000원 최대 무9월 26,555원무료배송"
02.27,22:40,2213572483,"페라가모 선글라스(SF158/S)598,000원 최대 무9월 66,444원무료배송"
02.27,22:40,2238058026,"페라가모 선글라스(SF1066/S)598,000원 최대 무9월 66,444원무료배송"
02.27,22:40,2230493926,"페라가모 선글라스(SF1071/S)598,000원 최대 무9월 66,444원무료배송"
02.27,22:40,2228164850,"페라가모 선글라스(SF1072S)598,000원 최대 무9월 66,444원무료배송"
02.27,22:40,2244640965,"실로 18K 다이아몬드 컷팅 헤링본 팔찌3,299,000원 최대 무12월 274,916원무료배송"
02.27,22:40,2244641276,"실로 18K 더블 루프 팔찌2,799,000원 최대 무12월 233,250원무료배송"
02.27,22:40,2244641662,"실로 18K 투톤 브레이드 목걸이2,399,000원 최대 무12월 199,916원무료배송"
02.27,22:40,2244641605,"실로 18K 투톤 브레이드 팔찌1,399,000원 최대 무12월 116,583원무료배송"
02.27,22:40,2244641677,"실로 18K 투톤 피가로 목걸이3,499,000원 최대 무12월 291,583원무료배송"
02.27,22:40,2244641623,"실로 18K 투톤 피가로 팔찌1,699,000원 최대 무12월 141,583원무료배송"
02.27,22:40,2229708512,"로베르토카발리 스퀘어 실크 스카프(7C1414)299,000원 최대 무3월 99,666원무료배송"
02.27,22:40,2221318028,구찌 디오니소스 탑핸들 숄더백(752029)
02.27,22:40,2205140529,끌로에 마르씨 체인백(CHC23WP849)
02.27,22:40,2227307444,버버리 체크 호보백
02.27,22:40,2244336783,발렌티노 앙티브 캔버스 토트백(8W2B0R20)
02.27,22:40,2244743510,"가니 버니 코튼 티셔츠163,000원 최대 무3월 54,333원무료배송"
02.27,22:40,2245351469,"가니 베어 코튼 스웨트372,000원 379,000원최대 무9월 42,111원무료배송"
02.27,22:40,2235868144,버버리 다이아몬드 퀼티드 롱 후드 재킷
02.27,22:40,2238485987,버버리 스트링 후드 퀼팅재킷
02.27,22:40,2246239783,버버리 체크후드 윈드브레이커
02.27,22:40,2246846687,버버리 뉴로고 윈드 재킷
02.27,22:40,2246223298,버버리 체크집업 윈드브레이커
02.27,22:40,2237487498,버버리 체크 스트링 윈드브레이커
02.27,22:40,2246848111,막스마라 리버시블 패딩 재킷
02.27,22:40,2246847042,막스마라 디오니소 패디드 재킷
02.27,22:40,2246849008,막스마라 벨티드 트렌치 코트
02.27,22:40,2245522090,막스마라 시바다 울코트
02.27,22:40,2245100784,막스마라 빅포켓 롱코트
02.27,22:40,2245521972,막스마라 토템 벨티드 울코트
02.27,22:40,2240870963,막스마라 뉴벰보 다운 패딩
02.27,22:40,2247720549,"캐나다구스 클레어 롱 패딩재킷(2331WB)1,599,000원 무료배송"
02.27,22:40,2242416199,"이자벨마랑 디태처블 슬리브 패딩재킷(MA0007FC)699,000원 무료배송"
02.27,22:40,2244636168,"마스케라 르에브(L’eve) 울 블렌디드 리브드 삭스 2종 세트29,000원 무료배송"
02.27,22:40,2244139962,가이거 [런칭가 17만9천원] 가이거 이태리 소가죽 위브 토트백 (핸드백+카드지갑+롱스트랩)
02.27,22:40,2236388554,메타다이아몬드 실버925 모이사나이트 이터니티 귀걸이 1종 (총 2.4ct)
02.28,01:10,2219315506,에이스바이옴 [방송최다구성] 패밀리세트 비에날씬 프로 12박스+프로틴 2주+비에날씬 플러스 2박스
02.28,01:10,2215367467,에이스바이옴 비에날씬 프로 6박스 (BNR17 체지방 감소 다이어트 유산균)
02.28,01:10,2215367243,"에이스바이옴 비에날씬 프로 3박스 (BNR17 체지방 감소 다이어트 유산균)198,000원 최대 무4월 49,500원무료배송"
02.28,02:00,2245626089,골드라벨 [일명 25억 반지] [정상가 899000원] 99.9 24K 순금 릴리 콰트로 반지 + 24K 순금 사은품 4종 찬스
02.28,02:00,2245626157,골드라벨 [정상가 499000원] 99.9 24K 순금 복 쌍지 + 24K 순금 사은품 4종 찬스
02.28,02:00,2245626239,"골드라벨 [정상가 899000원] [이 가격 마지막] 99.9 24K 순금 행운 코인 목걸이 L + 24K 순금 사은품 4종 찬스798,000원 최대 무36월 22,166원무료배송"
02.28,02:00,2245626309,"골드라벨 [정상가 699000원] 99.9 24K 순금 볼륨 행운 코인 목걸이 M + 24K 순금 사은품 4종 찬스599,000원 최대 무10월 59,900원무료배송"
02.28,02:00,2245626386,"골드라벨 [정상가 699000원] [이 가격 마지막] 99.9 24K 순금 볼륨 행운 코인 귀걸이 + 24K 순금 사은품 4종 찬스599,000원 최대 무10월 59,900원무료배송"
02.28,02:00,2245626532,"골드라벨 [정상가 339000원] [런칭 단 한 번 이 가격] 99.9 24K 순금 행운 코인 팔찌 + 24K 순금 사은품 4종 찬스239,000원 최대 무10월 23,900원무료배송"
02.28,02:00,2245626603,"골드라벨 [정상가 1990000원] [이 가격 마지막] 99.9 24K 순금 고래꼬리 클립 목걸이 + 24K 순금 사은품 4종 찬스1,890,000원 최대 무60월 31,500원무료배송"
02.28,02:00,2245626663,"골드라벨 [정상가 1790000원] 99.9 24K 순금 고래꼬리 두줄 클립 팔찌 + 24K 순금 사은품 4종 찬스1,690,000원 최대 무24월 70,416원무료배송"
02.28,02:00,2245626847,"골드라벨 [정상가 2790000원] 99.9 24K 순금 볼륨 클래식 뱅글 팔찌 + 파베 뱅글팔찌 + 24K 순금 사은품 4종 찬스2,690,000원 최대 무60월 44,833원무료배송"
02.28,02:50,2233849433,위바이옴 [방송에서만 구매가능] 위바이옴 두뇌엔 닥터 PS 맥스 9+1박스(10개월분)
02.28,02:50,2233848822,위바이옴 [방송에서만 3만원] 위바이옴 두뇌엔 닥터 PS 맥스 6박스(6개월분)
02.28,02:50,2233848991,"위바이옴 두뇌엔 닥터 PS 맥스 3박스 (3개월분)198,000원 최대 무3월 66,000원현대"
02.28,02:50,2233849566,"위바이옴 두뇌엔 닥터 PS 맥스 1박스(1개월분)79,000원 무료배송"
02.28,22:40,2236388554,메타다이아몬드 실버925 모이사나이트 이터니티 귀걸이 1종 (총 2.4ct)
02.28,03:10,2245127045,메디필 [NEW] 메디필 멜라논X 앰플 시즌2 24.5% 명품언니 패키지
02.28,03:10,2245127133,메디필 멜라논X 앰플 시즌 2 RX 24.
02.28,03:10,2154261217,"메디필 레드 락토 콜라겐 클리어 폼 클렌저 2.0 300ml15,800원 배송비 3,000원"
02.28,03:10,2154264643,"메디필 엑스트라 슈퍼 9 플러스 2.0 250ml17,900원 배송비 2,500원"
02.28,03:10,2154296057,"메디필 엑스트라 슈퍼9 플러스 액티브 스틱 33g19,800원 배송비 3,000원"
02.28,03:10,2154296292,"메디필 엑스트라 슈퍼9 플러스블랙헤드 아웃 노우즈 팩 8매23,900원 무료배송"
02.28,03:10,2154301007,"메디필 멜라논 엑스 크림 30ml 12,900원 배송비 2,500원"
02.28,03:10,2154330556,"메디필 펩타이드9 바이오 선스틱 프로 19g22,000원 배송비 3,000원"
02.28,03:10,2154332223,"메디필 펩타이드9 볼륨 바이오 톡스 앰플 프로 100ml34,000원 무료배송"
02.28,03:10,2154338345,"메디필 바이오 인텐스 글루타치온 화이트 실키 토너 180ml24,800원 배송비 3,000원"
02.28,03:10,2154342201,"메디필 레드 락토 콜라겐 선크림 50ml14,900원 배송비 2,500원2만원 이상 무료"
02.28,03:10,2154345260,"메디필 레티놀 콜라겐 리프팅 앰플 50ml27,900원 무료배송"
02.28,03:10,2154347297,"메디필 비건 비타민 콜라겐 클리어 300ml15,800원 배송비 3,000원"
02.28,03:10,2154561591,"메디필 레드 락토 콜라겐 클리어 2.0 300ml 2개 + 추가증정 레드 락토 콜라겐 클렌징폼 2.0 120ml35,900원 外무료배송"
02.28,03:10,2154590635,"메디필 바이오 인텐스 글루타치온 화이트 크림 2개 + 추가 펩타이드9 볼륨 리프팅 올인원 에센스 1.5ml 4매24,900원 무료배송"
02.28,03:10,2155192939,"메디필 [우수고객전용][메디필] 레드 락토 콜라겐 랩핑 마스크 70ml 2개 + 실리콘 브러쉬 + 클렌징폼 100ml44,800원 무료배송"
02.28,03:10,2155193678,"메디필 레드 락토 콜라겐 랩핑 마스크 70ml 2개 + 실리콘 브러쉬 1개 + 추가구성 클렌징폼 4ml 6매42,800원 무료배송"
02.28,03:10,2232870666,"메디필 레드 락토 콜라겐 클리어 폼 클렌저 2.0 120ml x214,800원 배송비 3,000원"
02.28,03:10,2232870847,"메디필 그린 시카 콜라겐 클리어 폼 클렌저 2.0 120ml x214,800원 배송비 3,000원"
02.28,03:10,2232871100,"메디필 비건 비타민 콜라겐 클리어 폼 클렌저 2.0 120ml x214,800원 배송비 3,000원"
02.28,03:10,2232868238,"메디필 히알루론산 레이어 물톡스 랩핑 마스크 70ml22,400원 배송비 3,000원"
02.28,03:10,2232868531,"메디필 피토 시카놀 B5 카밍 비건 랩핑 마스크 70ml22,400원 배송비 3,000원"
02.28,03:10,2232868376,"메디필 엑스트라 슈퍼9 플러스 랩핑 마스크 70ml22,400원 배송비 3,000원"
02.28,03:10,2154152913,"메디필 레드 락토 콜라겐 랩핑 마스크 70ml22,400원 外배송비 3,000원"
02.28,03:10,2234496948,"메디필 비타민 닥터 바디 워시 500m 2개50,000원 KB국민"
02.28,03:10,2154334237,"메디필 바이오 인텐스 글루타치온 화이트 스틱 10g25,000원 배송비 3,000원"
02.28,03:10,2235171541,"메디필 펩타이드9 볼륨 앤 텐션 톡스 크림 프로 50g47,000원 무료배송"
02.28,03:10,2235174508,"메디필 펩타이드9 볼륨 리프팅 아이패치 프로 1.6g/60pcs37,000원 무료배송"
02.28,03:10,2154333053,"메디필 펩타이드9 멜라 스틱 10g25,000원 배송비 3,000원3만원 이상 무료"
02.28,03:10,2234199741,"메디필 펩타이드9 멜라 스틱 10g 3개117,000원 무료배송"
02.28,03:10,2154300672,"메디필 멜라논 엑스 리포좀 앰플 미스트  100ml 15,900원 배송비 2,500원2만원 이상 무료"
02.28,03:10,2154333894,"메디필 바이오 인텐스 글루타치온 화이트 크림 50g28,000원 배송비 3,000원"
02.28,03:10,2154297035,"메디필 럭셔리 24k 골드 앰플 100ml12,900원 배송비 2,500원"
02.28,03:10,2154334420,"메디필 바이오 인텐스 글루타치온 화이트 앰플 30ml31,200원 무료배송"
02.28,03:10,2138043450,"메디필 에끌라 퍼퓸 샤워 2종 SET+샤워볼+쇼핑백(바디워시)40,600원 무료배송"
02.28,03:10,2138043889,"메디필 에끌라 퍼퓸 샤워 2종 택1+샤워볼 (바디워시)21,900원 무료배송"
02.28,03:10,2138049182,메디필 레드 락토 콜라겐 클렌징 오일 + 폼클렌징 샘플 10매
02.28,03:10,2138283434,메디필 펩타이드9 멜라스틱 + 글루타치온 마스크팩 2매
02.28,03:10,2138283874,"메디필 펩타이드9 멜라스틱x2+마스크팩 증정46,900원 무료배송"
02.28,03:10,2139322471,메디필 펩타이드9 볼륨 올인원 에센스x2+마스크팩 10매 증정
02.28,03:10,2139322870,메디필 펩타이드9 볼륨 올인원 에센스 100ml*3+ 멜라스틱
02.28,03:10,2139323291,메디필 펩타이드9 볼륨 올인원 에센스x5+멜라 스틱+마스크팩 증정
02.28,03:10,2140808823,"메디필 아하 바하 28 데이즈 히알 크림36,000원 무료배송"
02.28,03:10,2140837703,메디필 레드 락토 핑크 콜라겐 리프팅 프로그램 기본 구성
02.28,03:10,2141779350,메디필 레드 락토 더블 타이트 콜라겐 패드 70매 (1EA) / 필링패드 / 앰플패드
02.28,03:10,2141900838,메디필 대용량 레드 락토 콜라겐 패드(270ml) + 선크림 세트 (필링패드/토너패드)
02.28,03:10,2141900947,메디필 대용량 레드 락토 콜라겐 패드 (270ml) + 선크림 더블세트 (필링패드)
02.28,03:10,2141905092,메디필 펩타이드9 바이오 선스틱*2 + 글루타치온 마스크팩 10매
02.28,03:10,2141974192,메디필 레드 락토 더블 타이트 콜라겐 패드 x 5통 (토너패드/
02.28,03:10,2142280205,"메디필 레드 락토 더블 타이트 콜라겐 패드 70매(5EA)79,900원 무료배송"
02.28,03:10,2146334961,메디필 멜라논 엑스 앰플 30ml x 3개
02.28,03:10,2146335379,메디필 멜라논 엑스 앰플 1박스 (30ml x2) + 드롭 겔 크림 50g x2 (비타민앰플/미백앰플)
02.28,03:10,2146465617,메디필 멜라논 엑스 비타민앰플 1박스(30ml x2) + 글루타치온 크림 50g x
02.28,03:10,2146586053,메디필 멜라논 엑스 앰플 30ml 단품
02.28,03:10,2147472766,"메디필 아하 바하 28 데이즈 히알 크림 120ea780,000원 무료배송"
02.28,03:10,2147611073,메디필 멜라논 엑스 앰플 싱글 패키지 (30ml x 4병) h
02.28,03:10,2147850750,메디필 비타민 닥터 바디 워시 500m 2개
02.28,03:10,2156031024,"메디필 레드 락토 콜라겐 랩핑 마스크 70ml 2개 + 실리콘 브러쉬 1개 (추가증정 멜라논엑스앰플4ml 4개)43,900원 무료배송"
02.28,03:10,2156031203,"메디필 레드 락토 핑크 콜라겐 더블 베리어 미스트 80ml 2개39,900원 무료배송"
02.28,03:10,2156031283,"메디필 바이오 인텐스 글루타치온 화이트 앰플 30ml 2개 (추가증정 글루타치온앰플1.5ml 4매 +크림1.5g 421,900원 무료배송"
02.28,03:10,2156031343,"메디필 루미너스 실크 오일 세럼 50ml 2개19,900원 무료배송"
02.28,03:10,2156450591,"메디필 멜라논 엑스 드롭 겔 크림 50g45,000원 무료배송"
02.28,03:10,2156552038,"메디필 멜라논 엑스 앰플 명품언니 작심패키지 j109,000원 최대 무6월 18,166원무료배송"
02.28,03:10,2156552726,"메디필 멜라논 엑스 앰플 입문패키지 j69,000원 최대 무3월 23,000원무료배송"
02.28,03:10,2205044677,"메디필 셀 톡싱 더마쥬르 토너 250ml70,000원 KB국민"
02.28,03:10,2206627947,"메디필 멜라논 엑스 앰플 명품언니 작심패키지 (상품평시 알크림)109,000원 최대 무12월 9,083원무료배송"
02.28,03:10,2210158624,"메디필 멜라논 엑스 앰플 명품언니 작심패키지 (상품평시 콜라겐패드) s109,000원 최대 무12월 9,083원무료배송"
02.28,03:10,2210159682,"메디필 멜라논 엑스 앰플 VIP 패키지 (앰플 4박스/총 8병) s179,000원 최대 무12월 14,916원무료배송"
02.28,03:10,2230112537,"메디필 솔라잔틴 크림 50g 단품12,000원 무료배송"
02.28,03:10,2230112779,"메디필 시카안티오 크림 30ml 단품15,000원 무료배송"
02.28,03:10,2230112826,"메디필 뱀부 시카 밤 카밍 마스크 10ea9,000원 무료배송"
02.28,03:50,2219536212,이상봉 에디션 오브제 넥카프 3종 +기프트박스
02.28,03:50,2240801917,이상봉 에디션 소가죽 100 투웨이 숄더크로스백
02.28,04:30,2244551866,안유성명장 가매 일품 백명란 세트 (120gx10팩)
02.28,05:20,2241032660,프로월드컵 PWX 바로인 울블렌디드 매직쿠션 스니커즈 1종 (여성)
02.28,05:20,2241032701,프로월드컵 PWX 바로인 울블렌디드 매직쿠션 스니커즈 1종 (남성)
02.28,06:20,2240890902,카무트 [파로5봉+캡슐레이션효소 1박스]골드 카무트 효소 12박스
02.28,06:20,2209520829,FARRO 그레인온 이탈리아산 파로 20봉 구성(280gX20봉)
02.28,06:20,2153808681,"카무트 골드 카무트 효소 1박스(3gX30포)35,000원 무료배송"
02.28,07:20,2239375197,백년농가 [햇곡][백년농가] 유기농 지리산 상황버섯쌀 300g x 20봉
02.28,07:20,2239375231,백년농가 [햇곡][백년농가] 유기농 지리산 상황버섯쌀 300g x 10봉
02.28,08:20,2228666086,콤비타 [단독][콤비타] UMF10+ 퓨어 마누카꿀 로젠지 왕톡패키지
02.28,08:20,2222522564,필립스 올인원 스팀다리미 8500
02.26,08:20,2247405248,오늘설렘 제주 우도땅콩 200g x 6봉(생땅콩4+볶음2)
02.26,08:20,2247408404,오늘설렘 제주 우도땅콩 200g x 4봉(생땅콩3+볶음1)
02.28,11:20,2238057597,페라가모 선글라스(SF1015/S)
02.28,11:20,2247740925,메타다이아몬드 실버925 팬시 바게트컷 귀걸이 1종
02.28,11:20,2246875481,"메타다이아몬드 실버925 팬시 바게트컷 반지 1종279,000원 최대 무9월 31,000원무료배송"
02.28,11:20,2241371808,"마스케라 리엔느(Lienne) 리버시블 울 버킷햇 1종39,900원 무료배송"
02.28,11:20,2244924640,"키멘토 18K 3.3mm 이터니티 다이아 스트레치 스프링 팔찌3,799,000원 최대 무60월 63,316원무료배송"
02.28,11:20,2244924522,"키멘토 18K 3.3mm 클래식 스트레치 스프링 팔찌2,999,000원 최대 무60월 49,983원무료배송"
02.28,11:20,2221318028,구찌 디오니소스 탑핸들 숄더백(752029)
02.28,11:20,2245402059,"구찌 GG로고 실크 넥 스카프(784959)343,000원 350,000원최대 무9월 38,888원무료배송"
02.28,11:20,2244088963,"에클랏 18K 루체아(Lucea) 목걸이799,000원 최대 무60월 13,316원무료배송"
02.28,11:20,2244088943,"에클랏 18K 세라피나(Serafina) 목걸이999,000원 최대 무60월 16,650원무료배송"
02.28,11:20,2244090291,"에클랏 18K 에테라(Etera) 팔찌599,000원 최대 무60월 9,983원무료배송"
02.28,11:20,2247562443,프라다 로고 버클 숄더백(1BD394)
02.28,11:20,2247562483,발렌티노 가라바니 체인 레더 숄더백
02.28,11:20,2235868144,버버리 다이아몬드 퀼티드 롱 후드 재킷
02.28,11:20,2229037715,"버버리 클래식 싱글 맥코트1,299,000원 무료배송"
02.28,11:20,2224815513,"버버리 코듀로이 다이아몬드 퀼팅 재킷1,249,000원 무료배송"
02.28,11:20,2245066367,"막스마라 그린하 후드 패디드 재킷599,000원 무료배송"
02.28,11:20,2240278982,"막스마라 마누 벨티드 울코트799,000원 무료배송"
02.28,11:20,2223337663,"끌로에 미니 우디백(CHC24AP243)699,000원 무료배송"
02.28,11:20,2244480108,"스텔라밀라노 18K EXTENSA 투톤 리버시블 팔찌4,099,000원 최대 무12월 341,583원무료배송"
02.28,11:20,2244480117,"스텔라밀라노 18K EXTENSA 파베 론델 팔찌2,599,000원 최대 무12월 216,583원무료배송"
02.28,11:20,2244480120,"스텔라밀라노 18K EXTENSA 리플레시 론델 팔찌4,199,000원 최대 무12월 349,916원무료배송"
02.28,11:20,2244639912,"골든클레프 18K 크루아상 반지1,499,000원 최대 무12월 124,916원무료배송"
02.28,11:20,2244639583,"골든클레프 18K 미러 돔형 반지1,199,000원 최대 무12월 99,916원무료배송"
02.28,11:20,2244639648,"골든클레프 18K 아볼토 돔형 반지1,199,000원 최대 무12월 99,916원무료배송"
02.28,11:20,2244639700,"골든클레프 18K 까네토 반지1,999,000원 최대 무12월 166,583원무료배송"
02.28,11:20,2244640293,"골든클레프 18K 팝콘 메쉬 트위스트 팔찌1,299,000원 최대 무12월 108,250원무료배송"
02.28,11:20,2244640001,"골든클레프 18K 팝콘 메쉬 트위스트 목걸이2,199,000원 최대 무12월 183,250원무료배송"
02.28,11:20,2244640112,"골든클레프 18K 투톤 싱가폴 목걸이2,399,000원 최대 무12월 199,916원무료배송"
02.28,11:20,2244640484,"골든클레프 18K 투톤 싱가폴 팔찌1,199,000원 최대 무12월 99,916원무료배송"
02.28,11:20,2244640193,"골든클레프 18K 리얼진주 목걸이799,000원 최대 무12월 66,583원무료배송"
02.28,11:20,2244636168,"마스케라 르에브(L’eve) 울 블렌디드 리브드 삭스 2종 세트29,000원 무료배송"
02.28,11:20,2238694631,"버버리 하이넥 후드 퀼팅재킷1,899,000원 무료배송"
02.28,11:20,2237487498,버버리 체크 스트링 윈드브레이커
02.28,13:45,2242152543,엔알랩 [현대단독구성]엔알랩 NR 하이드로겔 큐어 마스크 60매
02.28,13:45,2242153530,엔알랩 [본사반대구성]엔알랩 NR 하이드로겔 큐어 마스크 120매
02.28,13:45,2242153791,"엔알랩 NR 하이드로겔 큐어 마스크 10매100,000원 KB국민"
02.28,13:45,2243777205,"엔알랩 셀인엔알 앰플투크림EX 4개248,000원 KB국민"
02.28,13:45,2243777373,"엔알랩 셀인엔알 앰플투크림EX 2개179,000원 KB국민"
02.28,13:45,2241383237,"엔알랩 NR 하이드로겔 큐어 마스크 20매128,000원 KB국민"
02.28,13:45,2242973627,"엔알랩 NR 하이드로겔 큐어 마스크 1매11,000원 무료배송"
02.28,13:45,2209346455,"엔알랩 셀인앤알 앰플투크림 4병248,000원 KB국민"
02.28,13:45,2209346544,"엔알랩 셀인앤알 앰플투크림 슬림 패키지 2병179,000원 KB국민"
02.28,13:45,2209188263,"엔알랩 [단품] 엔알랩 셀인엔알 앰플투크림 45ml 1개129,000원 KB국민"
02.28,13:45,2221426384,"엔알랩 [단품] 엔알랩 셀인엔알 앰플투크림 10ml 1개29,000원 무료배송"
02.28,13:45,2234932309,"엔알랩 셀인엔알 시트 마스크팩 1박스30,000원 무료배송"
02.28,13:45,2231801352,"엔알랩 스킨 광노화 케어 밀착브러쉬15,000원 무료배송"
02.28,13:45,2230985412,"엔알랩 NR 광노화 케어 선크림 3개99,000원 KB국민"
02.28,13:45,2230117601,"엔알랩 NR 광노화 케어 선크림 80ml 1개55,000원 KB국민"
02.28,14:55,2231651803,캐롤프랑크 아페장뜨 선크림 동지현패키지
02.28,14:55,2247785168,캐롤프랑크 아페장뜨 선크림 60ml
02.28,14:55,2229851417,"뉴트라덤 프랑스 직수입 엑스트라 리치 샤워 젤 500ml 기본패키지149,000원 최대 무9월 16,555원KB국민"
02.28,14:55,2230302276,"캐롤프랑크 아페장뜨 선크림 싱글 패키지 (60ml 2개)109,000원 최대 무3월 36,333원KB국민"
02.28,14:55,2230309620,"캐롤프랑크 리스트럭쳐링 세럼 80ml119,000원 최대 무3월 39,666원KB국민"
02.28,14:55,2230320395,"마티스파리 수분앰플 30병 패키지(10병 x 3박스)159,000원 최대 무9월 17,666원KB국민"
02.28,14:55,2230406830,"포뮬라프레스콧 트라이밤 심플 패키지 (트라이밤+코튼클로즈)119,000원 최대 무9월 13,222원KB국민"
02.28,14:55,2230321838,"뉴로글로우 프로 볼륨 트리트먼트 1000ml99,000원 최대 무3월 33,000원KB국민"
02.28,14:55,2230406526,"바게지 밸런스 스폰지 마스크 심플 패키지 (350ml 2개)149,000원 최대 무9월 16,555원KB국민"
02.28,16:05,2228245266,락앤락 비스프리 온더테이블 16종 + 세척솔 2종
02.28,16:05,2226779483,락앤락 비스프리 온더테이블 16종 +세척솔 2종
02.28,17:35,2238760903,정성곳간 최명희 종가 전통 수제 고추장 만들기세트(담금독 포함)
02.28,17:35,2239036851,정성곳간 최명희 종가 전통 수제 고추장 만들기세트
02.28,19:25,2243947022,르무통 LEMOUTON 메이트 발 편한 메리노울 운동화
02.28,19:25,2236556372,르무통 업 발 편한 메리노울 운동화
02.28,19:25,2242477355,르무통 레츠 발 편한 메리노울 메리제인 운동화
02.28,19:25,2208963424,르무통 버디 발 편한 메리노울 운동화
02.28,20:25,2244869822,리브이셀 [2026년 최신상] 리브이셀 레티 콜라겐 리바이탈 랩핑 마스크 조윤주 패키지
02.28,20:25,2244870893,리브이셀 [2026년 최신상] 리브이셀 레티 콜라겐 리바이탈 랩핑 마스크 싱글 패키지
02.28,20:25,2244871090,"리브이셀 [2026년 최신상] 리브이셀 레티 콜라겐 리바이탈 랩핑 마스크 100장 패키지399,000원 최대 무10월 39,900원무료배송"
02.28,20:25,2245068107,"리브이셀 [2026년 최신상] 리브이셀 레티 콜라겐 리바이탈 랩핑 마스크 마니아 구성169,000원 최대 무3월 56,333원KB국민"
02.28,21:30,2245346799,에이스바이옴 패밀리세트 비에날씬 프로 12박스+프로틴3박스(총 15포)+사은품 바이마르 스팀쿠커
02.28,21:30,2215926835,에이스바이옴 비에날씬 프로 6박스 (BNR17 체지방 감소 다이어트 유산균)
02.28,21:30,2215926640,"에이스바이옴 비에날씬 프로 3박스 (BNR17 체지방 감소 다이어트 유산균)198,000원 최대 무4월 49,500원무료배송"
02.28,22:30,2247853631,[BIGHIT] 디아넬로24K 클레오 반지+ (방송) 24K클래식 반지+ 하프스톤반지
02.28,22:30,2247853985,디아넬로24K 클레오빅볼륨 반지+ (방송) 24K클래식 반지+ 하프스톤반지
02.28,22:30,2247854531,"디아넬로24K 럭키 유니콘 목걸이+ (방송) 24K 금박 페가수스 키링+ 999 실버 행운 말 수표 749,000원 KB국민"
02.28,22:30,2247854789,"디아넬로24K 헤리티지 클립팔찌+ (방송) 24K 페가수스 금박키링+ 999실버 행운 말 수표2,190,000원 KB국민"
02.28,22:30,2247855033,"디아넬로24K 헤리티지 클립목걸이+ (방송) 24K 페가수스 금박키링+ 999 실버 행운 말 수표4,190,000원 KB국민"
02.28,22:30,2247855239,"디아넬로24K 골드바 목걸이+ (방송) 24K 페가수스 금박키링+ 999 실버 행운 말 수표1,590,000원 KB국민"
02.28,22:30,2247855422,"디아넬로24K 행운클로버 귀걸이+ (방송) 24K 페가수스 금박키링+ 999 실버 행운 말 수표699,000원 KB국민"
02.28,22:30,2247855610,"디아넬로24K 클립 패브릭 팔찌+ (방송) 24K 페가수스 금박키링+ 999 실버 행운 말 수표299,000원 KB국민"
02.28,22:30,2247855762,"디아넬로24K 클래식 반지+ (방송) 24K 금박 페가수스 키링+ 999 실버 행운 말 수표299,000원 KB국민"
02.28,23:30,2245062032,플로너스 [아로스파] 필터 샤워 헤드 풀세트 (가정용 2개+여행용 1개+섬유필터 23개)
02.28,23:30,2245062073,플로너스 [아로스파] 섬유필터 리필 20개입
03.01,00:30,2239139439,One Degree Organics [방송에서만][One Degree] 오가닉 프로틴 그래놀라 7봉(카카오 1+ 시나몬 2+ 시트러스 2 + 랜덤 2)
03.01,00:30,2242768632,One Degree Organics [One Degree]프로틴 그래놀라 카카오 1봉 + 시나몬 1봉+ 시트러스 1봉
03.01,00:30,2247797776,"아임고트 뉴질랜드 프리미엄 산양유 150g x 12통 + 산양유 츄어블 요거트맛 1박스396,000원 최대 무12월 33,000원무료배송"
03.01,01:40,2247283038,프리마클라쎄 [26SS 최신상] 프리마클라쎄 FAUX 레더 트렌치 점퍼 1종
03.01,01:40,2247283128,프리마클라쎄 [26SS 최신상] 프리마클라쎄 시그니처 하프슬리브 니트 2종
03.01,01:40,2231438496,"프리마클라쎄 [런칭가 119000원] 프리마클라쎄 코쿤 면100 팬츠 1종99,000원 최대 무3월 33,000원무료배송"
03.01,01:40,2241371636,"프리마클라쎄 [런칭가 159000원] 프리마클라쎄 멜팅울 홀가먼트 풀오버 1종159,000원 최대 무5월 31,800원무료배송"
03.01,01:40,2241996579,"프리마클라쎄 [런칭가 159000원] 프리마클라쎄 핸드드로잉 헤어리 가디건 1종159,000원 최대 무5월 31,800원무료배송"
03.01,01:40,2239420047,"프리마클라쎄 [런칭가 129000원] 프리마클라쎄 원턱 밸티드 팬츠 1종129,000원 최대 무5월 25,800원무료배송"
03.01,01:40,2239388386,"프리마클라쎄 [런칭가 169000원] 프리마클라쎄 비스타 크로스백169,000원 최대 무5월 33,800원무료배송"
03.01,01:40,2217015149,"프리마클라쎄 [최종가/런칭가 99000원] 프리마클라쎄 실크 100 GEO 스카프 1종79,000원 최대 무3월 26,333원무료배송"
03.01,02:40,2247310905,컬럼비아 26SS 컬럼비아 여성 올웨더 스트링 후드 점퍼 1종
03.01,02:40,2247310658,컬럼비아 26SS 컬럼비아 남성 올웨더 스트링 후드 점퍼 1종
03.01,02:40,2242009491,"컬럼비아 25FW 컬럼비아 여성 윈터 팬츠 2종99,000원 최대 무5월 19,800원무료배송"
03.01,02:40,2242009334,"컬럼비아 25FW 컬럼비아 남성 윈터 팬츠 2종99,000원 최대 무5월 19,800원무료배송"
03.01,03:30,2242210705,리오벨 25 FW 호주산 100% 컬링 양모 하프코트
03.01,03:50,2247036654,에이앤디 [AnD] 에이앤디 26SS 보머 니트 자켓 1종
03.01,04:30,2247070562,이상봉 에디션 26SS 에어플로우 점퍼
03.01,04:30,2247071360,이상봉 에디션 26SS 에어플로우 팬츠
03.01,05:20,2228488024,리오벨 [론칭가 99000원] 리오벨 [Liobell] 25 Faux 레더 블루종 자켓
03.01,05:50,2239468607,에이앤디 [AnD] 에이앤디 와펜 더블 버튼 재킷 1종
03.01,05:50,2242313729,8jumoney [8JUMONEY] 25FW 팔주머니 니트베스트 2종
03.01,06:50,2241634977,부하우스 이불 압축 파우치 더블세트
03.01,06:50,2241635128,부하우스 이불 압축 파우치 싱글세트
03.01,07:50,2247444244,뉴트리원 (총 18박스)뉴트리원 비비랩 유기농 올리브 엔 토마토 듀얼샷 올토샷 16박스 + 2박스 더
03.01,07:50,2247632839,뉴트리원 비비랩 유기농 올리브 엔 토마토 듀얼샷 올토샷 8박스 (80일분)
03.01,07:50,2247632758,"뉴트리원 비비랩 유기농 올리브 엔 토마토 듀얼샷 올토샷 1박스 (10포)39,000원 무료배송"
03.01,08:50,2239375197,백년농가 [햇곡][백년농가] 유기농 지리산 상황버섯쌀 300g x 20봉
03.01,08:50,2239375231,백년농가 [햇곡][백년농가] 유기농 지리산 상황버섯쌀 300g x 10봉
03.01,10:00,2219131187,에이스바이옴 패밀리세트 비에날씬 프로 12박스+프로틴3박스(총 15포)+사은품 테팔 미니그릴
03.01,10:00,2215926835,에이스바이옴 비에날씬 프로 6박스 (BNR17 체지방 감소 다이어트 유산균)
03.01,10:00,2215926640,"에이스바이옴 비에날씬 프로 3박스 (BNR17 체지방 감소 다이어트 유산균)198,000원 최대 무4월 49,500원무료배송"
03.01,11:15,2247570454,해즈픽 시그니처 케어 칫솔 더블구성 (20+1개 체험분)
03.01,11:15,2247570572,해즈픽 시그니처 케어 칫솔 싱글구성(10개)
03.01,12:30,2247918668,알펜무어 [앵콜방송][AlpenMoor]알펜무어1618 리프팅크림 입문패키지
03.01,12:30,2247109717,알펜무어 [앵콜방송][AlpenMoor]알펜무어1618 리프팅크림 정서경패키지
03.01,12:30,2245628840,"알펜무어 [AlpenMoor]알펜무어1618 글로우 리프팅 래디언스 크림48,000원 무료배송"
03.01,12:30,2247105935,"알펜무어 [AlpenMoor]알펜무어1618 리프팅크림 10개입128,000원 최대 무12월 10,666원KB국민"
03.01,12:30,2247105951,"알펜무어 [AlpenMoor]알펜무어1618 리프팅크림 20개입228,000원 최대 무12월 19,000원KB국민"
03.01,14:55,2247491975,보로탈코 보로탈코 벨벳팅 바디크림 조윤주 패키지 (크림 150ml x 8 + 250ml x 1 + 30ml x 3 + 롤온 x 1)
03.01,14:55,2242647995,보로탈코 보로탈코 벨벳팅 바디크림 기본구성
03.01,14:55,2218108741,보로탈코 크레마 벨루탄테 샤워크림워시 x 10통
03.01,14:55,2210667985,"보로탈코 크레마 벨루탄테 샤워크림 단품26,000원 무료배송"
03.01,14:55,2221049378,"보로탈코 스틱 오리지널 40ml x 2통24,000원 배송비 2,500원"
03.01,14:55,2219392277,"보로탈코 벨벳팅 바디크림 30ml8,200원 배송비 2,500원"
03.01,14:55,2219142669,보로탈코 벨벳팅 바디크림 150ml
03.01,14:55,2221049130,"보로탈코 롤온 오리지널 50ml x 2통24,000원 배송비 2,500원"
03.01,14:55,2245343592,릴라스틸 [26년 5월까지] 릴라스틸 디-클라데일리디피그멘팅크림 40ml
03.01,14:55,2245343640,릴라스틸 [26년 6월까지] 릴라스틸 디-클라디피그멘팅 콘센트레이트드롭스 30ml
03.01,14:55,2245129350,"안네마리보린 [26년 4월까지] 안네마리보린 로즈블라썸 바이탈케어 50ml 1개29,000원 무료배송"
03.01,14:55,2245129664,"세라몰 [26년 5월까지] 세라몰 크림 311 75ml17,000원 무료배송"
03.01,14:55,2245343195,"코티지 [26년 7월까지] 코티지 라즈베리크림 모이스처 샤워밀크 미니50ml 1개3,000원 外배송비 2,500원"
03.01,14:55,2245343312,"코티지 [26년 7월까지] 코티지 슈가앤크런치애플 익스폴리에이팅 샤워밀크 미니50ml 1개3,000원 배송비 2,500원"
03.01,14:55,2245129573,"벨라오로라 [26년 4월까지] 벨라오로라 바이오텐 포르테 엘티고 다크스팟트리트먼트 30ml30,000원 무료배송"
03.01,14:55,2245129615,"베나모르 [26년 5월까지] 베나모르 로즈아멜리밀키 바디크림 150ml17,000원 배송비 2,500원"
03.01,14:55,2245129461,"코티지 [26년 4월까지] 코티지 스위트마쉬멜로우모이스처라이징 샤워밀크 250ml 1개7,900원 배송비 2,500원"
03.01,14:55,2245343155,"코티지 [26년 5월까지] 코티지  파인애플 코코넛크림 모이스처 샤워밀크 250ml 1개7,900원 무료배송"
03.01,14:55,2245343471,"베나모르 [26년 8월까지] 베나모르 자카란다  밀키바디크림 150ml19,000원 무료배송"
03.01,14:55,2245343507,"베나모르 [26년 9월까지] 베나모르 아레크림 밀키 바디크림 150ml19,000원 무료배송"
03.01,14:55,2245129643,"로저앤갈렛 [26년 6월까지] 로저앤갈렛 로즈웰빙솝 100g9,000원 무료배송"
03.01,16:10,2239148636,휴렉 [현대 단독(무36)] 휴렉 음식물처리기 히트 4L 대용량 HD-9100HTH (화이트에디션)
03.01,17:15,2242248878,로보락 [최신상] 로보락 Qrevo C PRO 로봇청소기
03.01,17:15,2242248895,로보락 [최신상] 로보락 Qrevo C PRO 로봇청소기
03.01,17:15,2235553699,"로보락 전용 더스트백 (3개입) / Qrevo 시리즈16,900원 배송비 3,000원3만원 이상 무료"
03.01,17:15,2233102046,"로보락 전용 클리너27,000원 배송비 3,000원3만원 이상 무료"
03.01,17:15,2243930742,"로보락 전용 회전형 물걸레패드 (4개입) / Qrevo 시리즈49,000원 무료배송"
03.01,17:15,2235553646,"로보락 필터 (2개입) Qrevo EdgeC / Qrevo C / Qrevo L / Qrevo Pro / Qrevo S 전용29,000원 배송비 3,000원3만원 이상 무료"
03.01,18:25,2247310905,컬럼비아 26SS 컬럼비아 여성 올웨더 스트링 후드 점퍼 1종
03.01,18:25,2247310658,컬럼비아 26SS 컬럼비아 남성 올웨더 스트링 후드 점퍼 1종
03.01,19:25,2244541257,신한생명 신한라이프 케어받는 암보험
03.01,20:25,2247309649,USPA [U.S. POLO ASSN.] USPA 26SS 여성 긴팔 카라니트 3종 (HUPS269201)
03.01,20:25,2247309953,USPA [U.S. POLO ASSN.] USPA 26SS 남성 긴팔 카라니트 3종 (HUPS269101)
03.01,20:25,2216376741,"USPA [U.S. POLO ASSN.] USPA 여성 라운드 티셔츠 3종 (HUPF249201)79,000원 KB국민"
03.01,20:25,2247452798,"USPA [U.S. POLO ASSN.] USPA 26SS 남성 긴팔 카라니트 단품89,000원 최대 무3월 29,666원KB국민"
03.01,20:25,2247452776,"USPA [U.S. POLO ASSN.] USPA 26SS 여성 긴팔 카라니트 단품89,000원 최대 무3월 29,666원KB국민"
03.01,21:35,2243908932,롯데손해보험 암진단+암주요치료비95플랜 (롯데손보 let:care 종합암보험(88플러스원))
03.01,22:45,2247785398,룩스몬즈 24K 클래식 쌍지 세트 + (방송) 24K 금박 유니콘 키링+ 999 실버 행운 말 지폐
03.01,22:45,2247785733,룩스몬즈 24K 빅볼륨 반지 + (방송) 24K 금박 유니콘 키링+ 999실버 행운 말 지폐
03.01,22:45,2247786530,"룩스몬즈 24K 볼륨하트 목걸이 +(방송 중) 24K 유니콘금박키링+ 999 실버 행운 말 지폐698,000원 KB국민"
03.01,22:45,2247786757,"룩스몬즈 24K 헤리티지 골드바 목걸이 +(방송 중) 24K 유니콘금박키링+ 999 실버 행운 말 지폐1,590,000원 KB국민"
03.01,22:45,2247786860,"룩스몬즈 24K 임페리얼 콤비클립 체인팔찌 +(방송) 24K금박유니콘 키링+ 999실버 행운 말 지폐2,190,000원 KB국민"
03.01,22:45,2247788044,"룩스몬즈 24K 임페리얼 콤비클립 목걸이 +(방송 중) 24K 유니콘 금박키림+ 999 실버 행운 말 지폐3,990,000원 KB국민"
03.01,22:45,2247788104,"룩스몬즈 [초특가] 룩스몬즈 24K 행운물고기 천연석팔찌 +(방송 중) 24K 금박 유니콘 키링+ 999실버 행운 말 지폐249,000원 KB국민"
03.01,22:45,2247787361,"룩스몬즈 24K 컷팅클로버 귀걸이 +(방송) 24K 금박유니콘 키링+ 999실버 행운 말 지폐699,000원 KB국민"
03.01,22:45,2247788175,"룩스몬즈 [상시주문] 룩스몬즈 24K 클래식 쌍지 + (방송) 24K 금박 유니콘 키링+ 999 실버 행운 말 지폐 699,000원 무료배송"
03.01,23:50,2247775707,바이오실크 [2025 NEW] 실크테라피 리페러티브 에센스 봄맞이 매니아 구성
03.01,23:50,2247775733,바이오실크 [2025 NEW] 실크테라피 리페러티브 에센스 기본 구성
03.02,01:00,2243276524,스노야 [SNOYA]스노야 25FW 울캐시 컬러 집업니트
03.02,01:00,2242252380,스노야 [SNOYA]스노야 25FW 블루폭스 울 홀가먼트 풀오버
03.02,01:00,2243276778,"스노야 [SNOYA]스노야 25FW 하이넥 헝가리구스다운 베스트189,000원 최대 무5월 37,800원무료배송"
03.02,01:00,2242906169,"스노야 [SNOYA]스노야  25FW 코듀로이 배럴팬츠99,000원 최대 무3월 33,000원무료배송"
03.02,01:00,2242260928,"스노야 [SNOYA]스노야  25FW FAUX 스웨이드 숄더백+곱창밴드+키링89,000원 최대 무3월 29,666원무료배송"
03.02,01:40,2242963752,ASOLO [방송에서만 10만원 세일] 아솔로 캐시미어웜 하드쉘 셋업 (자켓 + 플리스) 여성용
03.02,01:40,2242964204,ASOLO [방송에서만 10만원 세일] 아솔로 캐시미어웜 하드쉘 셋업 (자켓 + 플리스) 남성용
03.02,01:40,2242975807,"ASOLO 아솔로 25FW 울블렌디드 핀턱 모크넥 니트 2종 여성용89,000원 최대 무3월 29,666원무료배송"
03.02,01:40,2242976009,"ASOLO 아솔로 25FW 울블렌디드 핀턱 모크넥 니트 2종 남성용89,000원 최대 무3월 29,666원무료배송"
03.02,03:00,2244871813,슈틸루스터 [방송에서만 이가격]슈틸루스터 무선 듀얼 빗고데기
03.02,03:20,2242411226,휴럼 비너지 대마종자유 12개월분
03.02,03:40,2244030234,알레보 브리앙 풀트라이탄 밀폐용기 16P 베스트셀러 패키지_LV
03.02,04:30,2243001951,크레송 벨모드 퀼팅 블루종
03.02,05:20,2239543335,라라쎄 벌룬 데님 밴딩 팬츠 2종
03.02,05:20,2241233739,마담엘레강스 루이스 체크 배색 트렌치 점퍼
03.02,06:15,2245884395,맥케이슨 26SS 맥케이슨 경량 플리츠 패딩
03.02,06:15,2245919578,맥케이슨 25FW MCKAYSON 여성 앙상블 가디건+니트 2종
03.02,07:15,2219315506,에이스바이옴 [방송최다구성] 패밀리세트 비에날씬 프로 12박스+프로틴 2주+비에날씬 플러스 2박스
03.02,07:15,2215367467,에이스바이옴 비에날씬 프로 6박스 (BNR17 체지방 감소 다이어트 유산균)
03.02,07:15,2215367243,"에이스바이옴 비에날씬 프로 3박스 (BNR17 체지방 감소 다이어트 유산균)198,000원 최대 무4월 49,500원무료배송"
03.02,08:15,2240890902,카무트 [파로5봉+캡슐레이션효소 1박스]골드 카무트 효소 12박스
03.02,08:15,2209520829,FARRO 그레인온 이탈리아산 파로 20봉 구성(280gX20봉)
03.02,08:15,2153808681,"카무트 골드 카무트 효소 1박스(3gX30포)35,000원 무료배송"
03.02,09:25,2247316444,이상봉 에디션 26SS 아트드로잉 데님 베스트
03.02,09:25,2240801917,이상봉 에디션 소가죽 100 투웨이 숄더크로스백
03.02,09:25,2247308933,"이상봉 에디션 26SS 아트드로잉 데님 팬츠79,900원 최대 무3월 26,633원무료배송"
03.02,10:25,2247775343,스케쳐스 [26SS] 스케쳐스 여성 맥스런 운동화(129202)+스케쳐스 퍼포먼스 양말 1켤레
03.02,10:25,2247775429,스케쳐스 [26SS] 스케쳐스 남성 맥스런 운동화 (221002)+스케쳐스 퍼포먼스 양말 1켤레
03.02,11:35,2247722963,닥터제이페이스 알부민 앰플 론칭특집 유난희패키지 (100일분)
03.02,11:35,2247723062,닥터제이페이스 알부민 앰플 론칭특집 싱글패키지 (30일분)
03.02,11:35,2247723106,"닥터제이페이스 알부민 앰플 론칭특집 매니아패키지 (190일분)498,000원 최대 무24월 20,750원KB국민"
03.02,11:35,2232577419,"파모나 레디컬 볼륨 샴푸 400ml 2개79,000원 KB국민"
03.02,11:35,2232577354,"파모나 레디컬 볼륨 샴푸 400ml 단품45,000원 무료배송"
03.02,11:35,2235166648,"셀풀 [더트리니티스파] 셀풀 크라이오 프로 아이스 큐브 기본패키지129,000원 최대 무3월 43,000원KB국민"
03.02,11:35,2138129127,슈라멕 [독일 직수입 정품] 슈라멕 블레미쉬 밤 클래식 싱글세트
03.02,11:35,2142396082,"슈라멕 [독일 직수입 정품] 슈라멕 블레미쉬 밤 클래식 30ml77,000원 최대 무3월 25,666원KB국민"
03.02,11:35,2215609834,슈라멕 [독일 직수입 정품] 슈라멕 블레미쉬 밤 4개 구성
03.02,12:35,2244419788,나에노 [총 30L] 나에노 럭스클린 라일락 세탁세제 8통+섬유유연제 2통
03.02,12:35,2244419901,나에노 [총 15L] 나에노 럭스클린 라일락 세탁세제 4통+섬유유연제 1통
03.02,12:35,2247058368,"나에노 [15L] 나에노 럭스클린 섬유유연제 5통39,800원 무료배송"
03.02,12:35,2245238427,"나에노 [30L] 나에노 럭스클린 라일락 세탁세제 8통+섬유유연제 2통69,800원 무료배송"
03.02,12:35,2245238112,"나에노 [3L] 나에노 럭스클린 섬유유연제 1통13,000원 배송비 2,500원3만원 이상 무료"
03.02,12:35,2245237739,"나에노 [3L] 나에노 럭스클린 라일락 세탁세제 1통12,000원 배송비 2,500원3만원 이상 무료"
03.02,13:35,2232380752,DB손해보험 나에게맞춘플러스간편건강보험
03.02,14:35,2247641912,이지듀 멜라토닝 원데이 기미앰플 특대용량 최대용량구성
03.02,14:35,2231427892,이지듀 멜라토닝 원데이 기미앰플 기본구성
03.02,14:35,2247790909,"이지듀 멜라토닝 원데이 기미앰플 30ml 단품99,000원 최대 무3월 33,000원무료배송"
03.02,14:35,2227061248,"이지듀 [자유부인 한가인 PICK] 이지듀 기미쿠션 멜라 비 토닝 앰플 쿠션 49,800원 무료배송"
03.02,14:35,2227061441,"이지듀 대웅제약 기미쿠션 멜라 비 토닝 앰플 쿠션 리필 한가인기미쿠션29,800원 무료배송"
03.02,14:35,2226512378,"이지듀 대웅제약 이지듀 리프트 코어 이펙트 앰플 입문 구성159,000원 KB국민"
03.02,14:35,2227059235,"이지듀 대웅제약 기미앰플 대용량 8ml5_멜라패치1 (5g4ea)89,000원 KB국민"
03.02,14:35,2227061721,"이지듀 대웅제약 PDRN 넥패치1박스(4ea)40,000원 무료배송"
03.02,14:35,2227062113,"이지듀 대웅제약 EGF 거즈 마스크 1박스 (3ea)45,000원 무료배송"
03.02,14:35,2227063806,"이지듀 대웅제약 기미앰플 대용량 8ml5_안티옥시던트크림189,000원 KB국민"
03.02,14:35,2227064562,"이지듀 대웅제약 기미앰플 점보대용량 15ml299,000원 KB국민"
03.02,14:35,2227065177,"이지듀 대웅제약 이지듀 기미패치1 (5g4ea)30,000원 무료배송"
03.02,14:35,2227065628,"이지듀 대웅제약 베리어리페어크림105mlx159,800원 KB국민"
03.02,14:35,2228371731,"이지듀 대웅제약 이지듀 리프트 코어 이펙트 앰플 15ml 단품125,000원 KB국민"
03.02,14:35,2228371753,"이지듀 대웅제약 기미앰플 점보대용량 15ml 단품49,500원 무료배송"
03.02,14:35,2232577157,"이지듀 대웅제약 기미앰플 8ml 단품34,900원 무료배송"
03.02,14:35,2240858768,"이지듀 대웅제약 이지듀 EGF 코어 이펙트 스칼프 앰플 1개85,000원 KB국민"
03.02,15:35,2244030234,알레보 브리앙 풀트라이탄 밀폐용기 16P 베스트셀러 패키지_LV
03.02,16:35,2231675358,동양생명 (무)우리WON하는보장보험
03.02,17:30,2104771490,바디프랜드 [렌탈] 바디프랜드 팔콘 시리즈 올스타 특집전 (팔콘N / 팔콘S)
03.02,18:30,2245105187,흥국화재 (무)흥Good The 건강한 4565 종합보험
03.02,19:30,2118609748,엠베스트 [메가스터디교육] 엠베스트 중등학습 상담예약
03.02,19:30,2119472560,엘리하이 [메가스터디교육] 엘리하이 초등학습 상담예약
03.02,21:45,2243522650,다이슨 [3월 단 한번 생방송] 다이슨 에어랩 오리진 + 슈퍼소닉 번들 패키지
03.02,21:45,2243467336,다이슨 [본사직영] 다이슨 에어랩 오리진 멀티스타일러
03.02,21:45,2229085176,"다이슨 [본사직영]다이슨 슈퍼소닉 헤어드라이어 HD15 니켈코퍼499,000원 무료배송추가비용 별도/상세참조"
03.02,22:55,2234235531,세라젬 [구독] 세라젬 마스터 시리즈
03.02,23:55,2244486170,AIA생명 (무)원스톱프리미엄암보험
03.03,01:00,2247867072,홀베리 유기농 엑스트라버진 올리브유 10박스
03.03,01:00,2226779483,락앤락 비스프리 온더테이블 16종 +세척솔 2종
03.03,02:50,2247136506,누캐시미어 26SS 이태리 모헤어블렌드 가디건
03.03,02:50,2247136528,누캐시미어 26SS 울실크 5부 풀오버
03.03,02:50,2247137044,"누캐시미어 26SS 울 쉬폰 레이어링 스커트119,000원 최대 무5월 23,800원무료배송"
03.03,02:50,2247168232,"누캐시미어 26SS 레이스 니트탑79,000원 최대 무3월 26,333원무료배송"
03.03,02:50,2238466574,"누캐시미어 [런칭가 159000원]누캐시미어 멜팅캐시미어100 그라데이션 시어머플러129,000원 최대 무5월 25,800원무료배송"
03.03,04:00,2243943056,고메프리미엄 호주산 양갈비 숄더랙 250gX8팩(시즈닝 3종X2세트 증정)
03.03,04:00,2244084567,고메프리미엄 호주산 양갈비 숄더랙 250g
03.03,04:40,2245889887,앤앤에프 [Now n Forever] NnF 남성 이지 경량 패딩 1종
03.03,04:40,2245888597,앤앤에프 [Now n Forever] NnF 여성 이지 경량 패딩 1종
03.03,05:20,2229427013,뉴트리코어 [40%세일]뉴트리코어 두뇌엔 PS 포스파티딜세린 9박스
03.03,05:20,2229427084,뉴트리코어 두뇌엔 PS 포스파티딜세린 3박스
03.03,05:20,2230294203,"뉴트리코어 두뇌엔 PS 포스파티딜세린 1박스79,000원 무료배송"
03.03,05:20,2232372314,뉴트리코어 [hmall]뉴트리코어 두뇌엔 PS 포스파티딜세린 6박스
03.03,05:20,2229427102,뉴트리코어 [hmall]뉴트리코어 두뇌엔 PS 포스파티딜세린 3박스
03.03,06:15,2219315506,에이스바이옴 [방송최다구성] 패밀리세트 비에날씬 프로 12박스+프로틴 2주+비에날씬 플러스 2박스
03.03,06:15,2215367467,에이스바이옴 비에날씬 프로 6박스 (BNR17 체지방 감소 다이어트 유산균)
03.03,06:15,2215367243,"에이스바이옴 비에날씬 프로 3박스 (BNR17 체지방 감소 다이어트 유산균)198,000원 최대 무4월 49,500원무료배송"
03.03,07:15,2247904969,블랑로더 판타지 글로우스킨 쿠션 정서경패키지
03.03,07:15,2247182784,블랑로더 판타지 글로우스킨 쿠션 본품 2개
03.03,07:15,2247182875,"블랑로더 판타지 글로우스킨 쿠션 본품 1개52,000원 KB국민"
03.03,07:15,2247182952,"블랑로더 판타지 글로우스킨 쿠션 리필 1개27,000원 무료배송"
03.03,07:15,2242202874,"블랑로더 화이트 샤인 탄탄쿠션 본품 1개 (핑크케이스)45,000원 무료배송"
03.03,08:15,2247783566,아이그너 26SS 하이넥 드로우 스트링 점퍼
03.03,08:15,2247276582,아이그너 26SS 아이그너 심볼 레이어드 티셔츠
03.03,08:15,2247276771,"아이그너 26SS 앨보 슬리브 니트탑 (캐시미어 혼방)139,000원 무료배송"
03.03,08:15,2247276625,"아이그너 26SS 심볼 로고 데님 팬츠179,000원 무료배송"
03.03,08:15,2228450286,"아이그너 25SS 팬던트 실크 스카프 (스카프링 포함)119,000원 무료배송"
03.03,08:15,2239743086,"아이그너 [생방중에만 4만원 세일] 아이그너 여성 텍스쳐블록 스니커즈239,000원 무료배송"
03.03,08:15,2247039146,"아이그너 26SS 큐브 미니 투웨이백790,000원 무료배송"
03.03,08:15,2247276825,"아이그너 26SS 트위드 니트 자켓299,000원 무료배송"
03.03,08:15,2247276988,"아이그너 26SS 허리 스트링 점퍼299,000원 무료배송"
03.03,08:15,2242250245,"아이그너 [런칭가 159.000원] 아이그너 25FW 기모 부츠컷 데님 팬츠159,000원 무료배송"
03.03,08:15,2207006380,"아이그너 [런칭가 219000원] 아이그너 여성 아인스 Eins 드라이빙 플랫 컴포트 슈즈159,000원 무료배송"
03.03,10:25,2247310326,USPA [U.S. POLO ASSN.] USPA 26SS 여성 긴팔 라운드니트 3종 (HUPS269202)
03.03,10:25,2247729128,USPA [U.S. POLO ASSN.] USPA 26SS 남성 긴팔 라운드니트 3종 (HUPS269102)
03.03,10:25,2229130774,"USPA [U.S. POLO ASSN.] USPA 여성 에어리 패커블 점퍼 2종 (HUPS259203)79,000원 최대 무3월 26,333원KB국민"
03.03,10:25,2232493104,"USPA [U.S. POLO ASSN.] USPA 여성 PQ 라운드셔츠 3종 (HUPS259205)49,900원 무료배송"
03.03,14:05,2244540289,더케이예다함 [매출 515억 돌파 특별생방송] 예다함 상조서비스 다함 1호
03.03,14:55,2244304039,LG전자 [무이자60개월] LG 디오스 오브제 매직스페이스 냉장고 5도어 870L [T873MHH111/MTE111]
03.03,14:55,2241296564,LG전자 [무이자60개월] LG 디오스 오브제 김치냉장고 324L [Z334MQQ151S]
03.03,14:55,2244336808,LG전자 [상시주문] LG 뉴 오브제 스타일러 블랙틴트미러 [SC5GMR82A]
03.03,17:30,2239375197,백년농가 [햇곡][백년농가] 유기농 지리산 상황버섯쌀 300g x 20봉
03.03,17:30,2239375231,백년농가 [햇곡][백년농가] 유기농 지리산 상황버섯쌀 300g x 10봉
03.03,18:30,2243861647,로지나 프리미엄 오한진의 백세 알부민 4박스(총 120병)
03.03,18:30,2238701461,로지나 프리미엄 오한진의 백세 알부민 1박스(총 30병)
03.03,19:30,2231109825,오늘설렘 [제주농협] 천혜향 4kg (15∼31과 / 과당중량 130g∼280g)
03.03,19:30,2247729031,자일리톨스톤 [화이트데이 패키지] 자일리톨 스톤 10개 + 20g x 2개
03.03,19:30,2244068862,Juver [방송에서만 구매가능]후버 NFC 스페인산 토마토주스 200ml x 120팩
03.03,19:30,2239546851,Juver 후버 NFC
03.03,21:45,2247033660,디아루체 26SS 울 100 워셔블 가디건 1종 (컬러 10개 중 택1)
03.03,22:55,2244872081,안나수이 [ANNA SUI] 최신상 안나수이 변색 안경 AS5162-1
03.03,22:55,2245166127,안나수이 [ANNA SUI] 최신상 안나수이 변색 안경 AS5162-1
03.03,23:55,2244636193,솔라뷰호텔 [2박] 정동진 솔라뷰 26년 올시즌 패키지 4인
03.03,23:55,2244642142,솔라뷰호텔 [2박] 정동진 솔라뷰 26년 올시즌 패키지 3인
03.03,23:55,2244642169,"솔라뷰호텔 [2박] 정동진 솔라뷰 26년 올시즌 패키지 2인168,000원 최대 무4월 42,000원무료배송추가비용 별도/상세참조"
03.03,23:55,2244642199,"솔라뷰호텔 [1박] 정동진 솔라뷰 26년 올시즌 패키지 4인159,000원 최대 무4월 39,750원무료배송추가비용 별도/상세참조"
03.03,23:55,2244642251,"솔라뷰호텔 [1박] 정동진 솔라뷰 26년 올시즌 패키지 3인129,000원 최대 무3월 43,000원무료배송추가비용 별도/상세참조"
03.03,23:55,2244642246,"솔라뷰호텔 [1박] 정동진 솔라뷰 26년 올시즌 패키지 2인99,000원 최대 무2월 49,500원무료배송추가비용 별도/상세참조"
03.04,01:00,2246261694,머티리얼랩 26SS 퍼널넥 SYNTHETIC 레더 코쿤 자켓
03.04,01:00,2245526878,머티리얼랩 26PRELUDE 퍼널넥 울캐시미어 가디건
03.04,01:00,2245527831,"머티리얼랩 26PRELUDE 피그먼트 배럴레그 팬츠99,000원 무료배송"
03.04,01:00,2245233602,"머티리얼랩 26SS 아플리케 피그먼트 MERCI 맨투맨79,000원 무료배송"
03.04,04:00,2247070562,이상봉 에디션 26SS 에어플로우 점퍼
03.04,04:00,2247071360,이상봉 에디션 26SS 에어플로우 팬츠
03.04,05:20,2232380752,DB손해보험 나에게맞춘플러스간편건강보험
03.04,07:15,2247635086,무드매쳐 컬러체인지 반전 립스틱 인기구성 (6종)
03.04,07:15,2247635148,무드매쳐 컬러체인지 반전 립스틱 현대단독구성 (6종+6종)
03.04,07:15,2245474487,"무드매쳐  MADE IN U.S.A 무드매쳐 컬러체인지 립스틱 1개14,000원 무료배송"
03.04,07:15,2245474736,"랑스맥스 바이 미스코스 프레스티지 화이트닝 크림19,000원 무료배송"
03.04,07:15,2245474790,"랑스맥스 바이 미스코스 프레스티지 화이트닝 크림 5통 패키지89,000원 KB국민"
03.04,07:15,2245514655,"컬러딥 [일명 온천수 때밀이] 컬러딥 배쓰앤글로우 온가족 필링워터 우드세이지 1통12,900원 무료배송"
03.04,07:15,2245514783,"컬러딥 [일명 온천수 때밀이] 컬러딥 배쓰앤글로우 온가족 필링워터 만다린 1통12,900원 무료배송"
03.04,07:15,2245515308,"컬러딥 [일명 온천수 때밀이] 컬러딥 배쓰앤글로우 온가족 필링워터 만다린 2통25,000원 무료배송"
03.04,07:15,2245515428,"컬러딥 [일명 온천수 때밀이] 컬러딥 배쓰앤글로우 온가족 필링워터 만다린 3통35,000원 무료배송"
03.04,08:15,2247283038,프리마클라쎄 [26SS 최신상] 프리마클라쎄 FAUX 레더 트렌치 점퍼 1종
03.04,08:15,2247283128,프리마클라쎄 [26SS 최신상] 프리마클라쎄 시그니처 하프슬리브 니트 2종
03.04,08:15,2239420047,"프리마클라쎄 [런칭가 129000원] 프리마클라쎄 원턱 밸티드 팬츠 1종129,000원 최대 무5월 25,800원무료배송"
03.04,08:15,2241371636,"프리마클라쎄 [런칭가 159000원] 프리마클라쎄 멜팅울 홀가먼트 풀오버 1종159,000원 최대 무5월 31,800원무료배송"
03.04,08:15,2237085028,"프리마클라쎄 [런칭가 179000원] 프리마클라쎄 쏘렌토 호보백179,000원 최대 무5월 35,800원무료배송"
03.04,08:15,2243717655,"프리마클라쎄 GEO 타탄체크 하프문 토트백 LM LE16499,000원 최대 무12월 41,583원무료배송"
03.04,08:15,2243717826,"프리마클라쎄 GEO 타탄체크 카메라백 LM LE17459,000원 최대 무12월 38,250원무료배송"
03.04,08:15,2243718808,"프리마클라쎄 GEO 여권지갑 CW352149,000원 최대 무5월 29,800원무료배송"
03.04,08:15,2206492438,"프리마클라쎄 GEO 러기지백 BV G510990,000원 최대 무12월 82,500원무료배송"
03.04,08:15,2247906489,피플오브더월드 [런칭가 12만9천원] 피플오브더월드 시어 레이스 블루종 자켓
03.04,08:15,2247906546,피플오브더월드 [PEOPLE OF THE WORLD] 헤링본 자카드 데님 셔츠 자켓
03.04,08:15,2247907247,"피플오브더월드 [PEOPLE OF THE WORLD] 딥다잉 스트레치 데님스커트59,000원 KB국민"
03.04,08:15,2247907322,"피플오브더월드 시그니처 오션 가먼트 슬리브 2종59,000원 KB국민"
03.04,08:15,2247907407,"피플오브더월드 [PEOPLE OF THE WORLD] 시그니처 루나 가먼트 워싱집업59,000원 KB국민"
03.04,08:15,2247907510,"피플오브더월드 [PEOPLE OF THE WORLD ] 시그니처 루나 가먼트 워싱팬츠59,000원 KB국민"
03.04,08:15,2244038731,"피플오브더월드 [PEOPLE OF THE WORLD] 글라쎄 체인 레더백89,000원 무료배송"
03.04,08:15,2245525043,에바큐브 26SS 크리스탈플리츠 투버튼 자켓
03.04,08:15,2245526743,에바큐브 26SS 크리스탈플리츠 시그니처 팬츠
03.04,08:15,2245526873,"에바큐브 26SS 크리스탈플리츠 하프 팬츠219,000원 최대 무3월 73,000원무료배송"
03.04,08:15,2247276891,"에바큐브 26SS Mix플리츠 후드 자켓349,000원 최대 무6월 58,166원무료배송"
03.04,08:15,2247289342,"에바큐브 26SS 쉬폰플리츠 스트라이프 셔츠 349,000원 최대 무6월 58,166원무료배송"
03.04,10:25,2219131187,에이스바이옴 패밀리세트 비에날씬 프로 12박스+프로틴3박스(총 15포)+사은품 테팔 미니그릴
03.04,10:25,2215926835,에이스바이옴 비에날씬 프로 6박스 (BNR17 체지방 감소 다이어트 유산균)
03.04,10:25,2215926640,"에이스바이옴 비에날씬 프로 3박스 (BNR17 체지방 감소 다이어트 유산균)198,000원 최대 무4월 49,500원무료배송"
03.04,11:35,2247846116,LG화장품 [수려한] 효 녹용콜라겐 환절기 완벽대비 패키지
03.04,12:35,2232855706,닥터파이토 파이토블락 코엔 삼백초 삼백초추출물 (LHF618) 더블구성 (6개월분)
03.04,12:35,2232871370,닥터파이토 파이토블락 코엔 삼백초 삼백초추출물 (LHF618) 싱글구성 (3개월분)
03.04,14:35,2231675358,동양생명 (무)우리WON하는보장보험
03.04,19:30,2247783906,센카 [SENKA] NEW 센카 퍼펙트휩 뷰티폼 페이셜 워시 현대 단독 구성
03.04,19:30,2243313729,센카 [SENKA] 센카 퍼펙트 휩 뷰티폼 120g 1개
03.04,19:30,2236388554,"메타다이아몬드 실버925 모이사나이트 이터니티 귀걸이 1종 (총 2.4ct)199,000원 최대 무3월 66,333원무료배송"
03.04,21:45,2245105187,흥국화재 (무)흥Good The 건강한 4565 종합보험
03.04,22:55,2247569274,원더브라 [Wonderbra] 26NEW 원더브라 시크릿와이어 브라팬티 4세트(8종)
03.05,02:30,2245439000,세인트프랑 에스테틱 대용량 크림 매니아구성
03.05,02:30,2245439144,세인트프랑 에스테틱 대용량 크림 에스테틱구성
03.05,02:30,2243705914,"세인트프랑 에스테틱 대용량 크림 싱글구성149,000원 최대 무3월 49,666원무료배송"
03.05,05:20,2244664037,한화손해보험 한화손보 유방·갑상선암 추가진단비플랜(시그니처 여성건강보험4.0)
03.05,06:15,2219536212,이상봉 에디션 오브제 넥카프 3종 +기프트박스
03.05,06:15,2247365862,앤앤에프 [Now n Forever] NnF 26SS 남성 스프링핏 점퍼
03.05,06:15,2247363449,앤앤에프 [Now n Forever] NnF 26SS 여성 스프링핏 점퍼 1종
03.05,08:15,2230220838,곡물도감 무가당 서리태 가득 콩물 두유 총 90팩(총 6박스)
03.05,08:15,2230222687,곡물도감 무가당 서리태 가득 콩물 두유 총 60팩(총 4박스)
03.05,08:15,2230046214,"제주감귤 [제주감귤농협] 제철 햇 한라봉 3.5kg (11∼17과)28,900원 무료배송"
03.05,08:15,2247722075,"제주감귤 [제주감귤농협] 제철 햇 한라봉 총 7kg (3.5kg x 2박스)54,900원 최대 무2월 27,450원무료배송"
03.05,08:15,2233153466,"농협안심한우 [황쇼패키지] 농협안심한우 1++ 한우 프리미엄 세트 1kg (꽃갈비살 +등심 +채끝 +업진안살 +불고기)119,000원 최대 무8월 14,875원무료배송"
03.05,12:25,2147385135,뼈엔MBP 뼈엔 엠비피 MBP 1개월분(130mgX30캡슐X1박스)
03.05,12:25,2147384972,뼈엔MBP 뼈엔 엠비피 MBP 6개월분(130mgX30캡슐X6박스)
03.05,12:25,2147384696,"뼈엔MBP 뼈엔 엠비피 MBP 12개월분(130mgX30정X12박스)458,000원 459,000원최대 무16월 28,687원무료배송"
03.05,15:05,2206929114,현대해상 두배받는암보험
03.05,15:45,2245038189,워싱락 베링 워싱락 입히는 세탁망 풀세트 LN-5
03.05,15:45,2245036596,워싱락 베링 워싱락 입히는 세탁망 기본세트 SG-4
03.05,20:45,2245346799,에이스바이옴 패밀리세트 비에날씬 프로 12박스+프로틴3박스(총 15포)+사은품 바이마르 스팀쿠커
03.05,20:45,2215926835,에이스바이옴 비에날씬 프로 6박스 (BNR17 체지방 감소 다이어트 유산균)
03.05,20:45,2215926640,"에이스바이옴 비에날씬 프로 3박스 (BNR17 체지방 감소 다이어트 유산균)198,000원 최대 무4월 49,500원무료배송"
03.05,22:55,2247778165,TS 엑스비오틴 샴푸 기본 구성
03.05,22:55,2247775858,TS 엑스비오틴 샴푸 더블 구성
03.05,23:55,2240285935,삼성화재 받고또받는 3333암플랜 (삼성화재 건강보험 천만안심)
